number_of_bedrooms,receita_total,receita_media,media_diarias_alugadas
3,1712551.99892,20633.156613493975,25.301204819277107
4,1387120.0,81595.29411764706,36.64705882352941
2,1145588.56686,15073.533774473683,28.25
1,434320.36664,9651.563703111111,25.77777777777778
5,164674.0,54891.333333333336,33.0
,27994.5,13997.25,20.0
0,16810.0,8405.0,25.0
