bairro,receita_total,receita_media_por_imovel,quantidade_imoveis
Meia Praia,3350800.47168,25578.62955480916,131
Centro,607075.76074,12141.515214800002,50
Morretes,365066.8333,16593.94696818182,22
Casa Branca,135367.66666,16920.9583325,8
none,124524.5,41508.166666666664,3
